Title,Date,Length,URL,Notes
Best of Rock Vol. I,,77:40:00,,
Best of Rock Vol. II,,79:03:00,,
Best of Rock Vol. III,,78:52:00,,
Best of Rock Vol. IV,5/19/2002,78:31:00,,
Best of Rock Vol. V,5/30/2002,76:50:00,,
Best of Rock Vol. VI,6/16/2002,78:46:00,,
Best of Rock Vol. VII,,78:49:00,,
Best of Rock Vol. VIII,,78:15:00,,
Best of Rock Vol. IX,,78:36:00,,
Best of Rock Vol. X,,78:44:00,,
Best of Rock Vol. XI,3/4/2003,79:13:00,,
Best of Rock Vol. XII,4/6/2003,79:02:00,,
Best of Rock Vol. XIII,,78:38:00,,
Best of Rock Vol. XIV,,78:33:00,,
Best of Rock Vol. XV,,76:08:00,,
Best of Rock Vol. XVI,,76:55:00,,
The Very Best of Rock (Vol. 1-10) Disc 1,,71:38:00,,
The Very Best of Rock (Vol. 1-10) Disc 2,,70:50:00,,
Best of Rock Vol. XVII,7/31/2003,79:22:00,,
Best of Rock Vol. XVIII,8/9/2003,75:47:00,,
Best of Rock Vol. XIX,9/28/2003,75:32:00,,
Best of Rock Vol. XX,10/13/2003,77:47:00,,
Best of Rock Vol. XXI,11/16/2003,77:42:00,,
Best of Rock Vol. XXII,6/4/2004,,,
Best of Rock Vol. XXIII,8/7/2004,78:24:00,,
Best of Rock Vol. XXIV,9/6/2004,78:49:00,,
Best of Rock Vol. XXV,9/24/2004,77:07:00,,
Best of Rock Vol. XXVI,11/16/2004,78:26:00,,
Best of Rock Vol. XXVII,11/24/2004,78:38:00,,
Best of Rock Vol. XXVIII,1/23/2005,79:27:00,,
Best of Rock Vol. XXIX,3/23/2005,77:15:00,,
Best of Rock Vol. XXX,5/1/2005,78:57:00,,
Best of Rock Vol. XXXI,6/1/2005,77:40:00,,
Best of Rock Vol. XXXII,7/10/2005,79:34:00,,
Best of Rock Vol. XXXIII,8/1/2005,78:00:00,,
Best of Rock Vol. XXXIV,,62:39:00,,
Best of Rock Vol. XXXV,,76:11:00,,
Best of Rock Vol. XXXVI,,79:07:00,,
Best of Rock Vol. XXXVII,5/29/2006,79:48:00,,
Best of Rock Vol. XXXVIII,6/2/2006,78:21:00,,
Best of Rock Vol. XXXIX,7/1/2006,78:13:00,,
Best of Rock Vol. XL,7/18/2006,78:42:00,,
Best of Rock Vol. XLI,8/16/2006,77:51:00,,
Best of Rock Vol. XLII,9/6/2006,76:49:00,,
Best of Rock Vol. XLIII,11/14/2006,78:11:00,,
Best of Rock Vol. XLIV,1/30/2007,74:30:00,,
Best of Rock Vol. XLV,6/5/2007,80:38:00,,
Best of Rock Vol. XLVI,7/19/2007,77:24:00,,
Best of Rock Vol. XLVII,9/12/2007,76:27:00,,
Best of Rock Vol. XLVIII,1/5/2008,76:17:00,,
Best of Rock Vol. XLIX,3/1/2008,80:41:00,,
Best of Rock Vol. L,6/30/2008,76:59:00,,
Best of Rock Vol. LI,7/7/2008,76:50:00,,
Best of Rock Vol. LII,8/7/2008,75:56:00,,
Best of Rock Vol. LIII,10/1/2008,74:00:00,,
Best of Rock Vol. LIV,11/18/2008,77:09:00,,
Best of Rock Vol. LV,8/22/2009,78:37:00,,
Best of Rock Vol. LVI,8/25/2009,77:07:00,,
Best of Rock Vol. LVII,12/30/2009,78:10:00,,
Best of Rock Vol. LVIII,12/30/2009,79:29:00,,
Best of Rock Vol. LIX,5/24/2010,76:52:00,,
Best of Rock Vol. LX,8/5/2010,78:47:00,,
Best of Rock Vol. LXI,12/1/2010,79:04:00,,
Best of Rock Vol. LXII,5/23/2011,77:43:00,,
Best of Rock Vol. LXIII,8/12/2011,76:27:00,,
Best of Rock Vol. LXIV,6/6/2013,72:00:00,,
Best of Rock Vol. LXV,11/19/2018,75:00:00,,
Best of Rock Vol. LXVI,2/6/2020,75:00:00,,
Best of Rock Vol. LXVII,2/19/2020,76:00:00,,
Best of Rock Vol. LXVIII,5/7/2021,71:00:00,,
Best of Rock Vol. LXIX,5/7/2022,75:00:00,,
Best of Rock Vol. LXX,4/29/2022,78:00:00,,